Name,Rating,Reviews,Address,Latitude,Longitude
Tawlet Yvonne Doha,4.9,786,"Ground Floor, Millennium Place Doha Building 15, 820 Badr St, Doha, Qatar",25.270349,51.5150611
Lemon Garden Restaurant & Cafe,4.6,1560,"7GF8+76، شارع وادي المرخ, Doha, Qatar",25.2731989,51.515596
Twisted Olive & Naama’s Garden,4.8,7714,"برج الدوحة, Doha Tower, 15 Street 910، Doha, Qatar",25.3170351,51.5280535
The Square,4.9,3480,"InterContinental Doha The City, Off Al Wahda Road West Bay, Doha, Qatar",25.326627,51.524846
La Mesa Restaurant,4.8,1418,"Doha, Qatar",25.2992531,51.5540874
Nourlaya,4.7,5312,"Msherieb Down Town، 2، Sahat, Al Kahraba St, Doha, Qatar",25.2856747,51.5244212
Saffron Doha,4.7,208,"Al Khaleej St, Doha, Qatar",25.2856025,51.5171503
Bayt El Talleh Restaurant,4.6,14514,"Katara Hills, Katara Cultural Village, Doha, Qatar",25.3634418,51.5250638
Jamavar Doha,4.5,386,"Al Corniche, Doha, Qatar",25.3185619,51.5369094
Carbone Doha,4.6,861,"al maha island, Lusail, Qatar",25.3983668,51.5279475
Lucia's Doha,4.2,668,"Sheraton Grand Doha Resort & Convention Hotel, Doha, Qatar",25.3176331,51.533773
La Mar Doha by Gastón Acurio,4.7,727,"Bldg. No. 25, Zone، 61 Street 900, Doha, Qatar",25.3493894,51.53122519999999
804 Restaurant Doha Qatar مطعم ٨٠٤ دوحه قطر,4.7,56,"Street 31, Al Kharajat St, Al-Rayyan, Qatar",25.1919932,51.4471115
Novikov Doha Restaurant & Beach Club,4.5,806,"St Regis, Doha, Qatar",25.3497431,51.53111089999999
SMAT Restaurant,4.5,846,"Orient Pearl Restaurant Second Floor, Corniche Doha Near Rass Abu Aboud Signal, Emrair St, Doha, Qatar",25.2898942,51.5476935
Zengo by Chef Richard Sandoval - Doha,4.7,1231,"Kempinski Residences & Suites, Doha, Qatar",25.3286669,51.53107199999999
Riviera Lounge Doha,4.2,105,"Old Salatah, Al-Saflya Street, Al Corniche, Doha, Qatar",25.2888479,51.5425028
TONO Qatar,4.7,352,"6 La Croisette, Doha, Qatar",25.3700426,51.5403646
REBERU Contemporary Cuisine,4.7,1105,"Building 3, Rawdat Al Khail St, Doha, Qatar",25.2856129,51.52668120000001
Jardin Doha,4.3,115,"Al Khaleej St, Doha, Qatar",25.2857714,51.5173089
Sora Rooftop,4.5,358,"Downtown, Sikkat Wadi Msheireb, Doha, Qatar",25.2841396,51.52780569999999
BARON DOHA,4.3,310,"Doha, Qatar",25.3027967,51.5519403
Steak Town,4.7,1969,"8113, 950 Al Reem St, Doha, Qatar",25.2891844,51.51057729999999
Delhi Lucknow Restaurant Doha,4.8,9,"zone 16 , 840 street BUilding, 82 Al Wifaq St, Doha, Qatar",25.2805844,51.5390562
Yasmine Palace Restaurant,4.6,8665,"Parcel 18 Fountain Roundabout Pearl Qatar، Marina Way 31, Doha, Qatar",25.364595,51.5429446
Iksha360,4.5,791,"Abraj Quartier The Pearl, The pearl, Gateway Towers, Doha, Qatar",25.3712902,51.5332107
"Baith Maryam Brothers Restaurant, Qatar",4.7,1331,"Souq Waqif, Doha, Qatar",25.2862326,51.5315896
Sarhad Premium Restaurant مطعم سرحد بريميم,4.8,2792,"Golden Tulip Doha, Al Safliya St, Doha, Qatar",25.2896441,51.5437124
MURU,4.6,162,"Al Shaghiya Street, Doha, Qatar",25.3273238,51.5329505
Mr. & Mrs. Hawker,4.8,170,"Diplomatic Street 23, Zone 61, Doha 3rd Floor, Andaz, Doha, Qatar",25.3247428,51.5370499
Nac Doha,4.4,716,"Building 2, Al Jeewan Street Street 791, Zone 3, Doha, Qatar",25.2840515,51.5263473
Pepper - 24 Hour Fine Dining Restaurant,4.7,81,"Building No. 17 Zone.4, Al Areeq St, Doha, Qatar",25.2803828,51.5300792
"Desert Rose Restaurant, Doha",4.7,2705,"Abdullah Bin Jassim St, Doha, Qatar",25.2895673,51.5330743
Dokya,4.6,2104,"Souq Waqif, Doha, Qatar",25.2859472,51.53131339999999
Afaque Shinwari Restaurant,4.6,97,"Building No 33, Street No 980, ابن خلدون،, Doha, Qatar",25.2766505,51.5439936
Dar Yema Restaurant,4.7,202,"Doha Oasis, Al Khaleej St, Doha, Qatar",25.2860989,51.5181877
Millie’s Lounge,4.4,214,"BUILDING 23, STREET 910، CORNICHE, Doha, Qatar",25.2945972,51.52216139999999
Pak Pakwan,4.3,1424,"Al Diwan St, Doha, Qatar",25.2857992,51.5232836
c.mondo,4.9,204,"Centro Capital, Al Jazeera St, Doha, Qatar",25.2844573,51.5120178
The Asian Kitchen,4.6,116,"InterContinental Doha The City, Doha, Qatar",25.3266253,51.5246617
Bay View,4.7,222,"Island The Pearl, St Regis, Doha, Qatar",25.3687338,51.5436448
Mykonos Doha,4.4,827,"Beach & Spa, Street 900, Bldg. No. 25, Zone 61 Al Dafna InterContinental Doha, Doha, Qatar",25.3482923,51.5295614
Mosavali Doha,4.7,166,"Doha, Qatar",25.2848028,51.5172201
Hoppers Doha,4.5,292,"Barahat Msheireb St, Doha, Qatar",25.2861809,51.5265334
TWIGA DOHA,4.6,29,"Printemps Doha, Second Floor, Al Khaleej, Doha, Qatar",25.2853712,51.5195301
Nisrine Restaurant مطعم نسرين,4.5,933,"Msheireb Downtown, Al Kahraba St, Doha, Qatar",25.285838,51.524688
Plaza Dine Restaurant doha,4.5,313,"Building no 73 , 920 Al Sulaimi street Zone 14, Al, Doha, Qatar",25.2768316,51.52509939999999
La Spiga by Papermoon,4.5,659,"W Doha Hotel & Residences, Diplomatic St, Doha, Qatar",25.3287808,51.530137
Polka,4.8,356,"31 Ibn Mahmoud St, Doha, Qatar",25.2797569,51.5159467
Gorkhali Restaurant,4.0,263,"7G9G+RC4, Rawdat Al Khail St, Doha 7G9G+RC4،, شارع روضة الخيل،, Doha, Qatar",25.2695277,51.5259411
Jiwan Restaurant,4.6,518,"National Museum of Qatar, Doha, Qatar",25.2873804,51.5497442
Trapani - Msheireb Downtown,4.3,2341,"28 Al Khail St, Doha, Qatar",25.2857067,51.5275841
Cucina,4.4,619,"Marriott Marquis City Center, Doha, Qatar",25.3248689,51.5280998
Parisa Souq Waqif,4.3,2241,"7GQM+4FP Souq Waqif, Al Ahmed St, Doha, Qatar",25.2878913,51.5332979
COYA Doha,4.5,438,"W Doha Hotel & Residences, Diplomatic St, Building 262, Street 831, Doha, Qatar",25.3287669,51.53003959999999
Three Sixty Restaurant - 360°,4.3,549,"Doha, Qatar",25.2624764,51.4448231
Char Eclectic Grill,4.7,394,"Iconic 2022, Al Buwairda St, Doha, Qatar",25.2684246,51.449222
Chabrat Al Mina,4.8,13029,"8H22+MRG, Doha, Qatar",25.3017273,51.5517607
Lamazani Grill,4.2,1067,"Al Taei St, Doha, Qatar",25.2799669,51.5369578
Al Nahham Restaurant,4.4,465,"Banana Island, Qatar",25.2992858,51.64131159999999
